Hypothetical,Velocity,Tide-Harmonics,10-21-2017,06:52GMT
Constituent,Name,Amplitude,Phase,Speed
1,M2,1.581,98.7,28.984104
2,S2,0.247,139.3,30
3,N2,0.319,69.4,28.43973
4,K1,0.092,196.4,15.041069
6,O1,0.07,176.9,13.943035
11,NU2,0.074,73.5,28.512583
33,L2,0.079,134.5,29.528479
35,K2,0.068,138.3,30.082138
